<configuration>

    <appender name="STDOUT" class="ch.qos.logback.core.ConsoleAppender">
        <!-- encoders are assigned the type
             ch.qos.logback.classic.encoder.PatternLayoutEncoder by default -->
        <encoder>
            <pattern>%d{HH:mm:ss.SSS} [%thread] %-5level %logger{36} - %msg%n</pattern>
        </encoder>
    </appender>

    <logger name="com.ethvm.kafka.connect" level="DEBUG"/>

    <root level="INFO">
        <appender-ref ref="STDOUT"/>
    </root>

    <!-- for testcontainers -->
    <logger name="org.testcontainers" level="DEBUG"/>
    <logger name="org.apache.http" level="WARN"/>
    <logger name="com.github.dockerjava" level="INFO"/>
    <logger name="org.zeroturnaround.exec" level="WARN"/>
    <logger name="org.web3j.protocol.websocket" level="OFF" />

</configuration>
